{
  "name": "soulseer-frontend",
  "private": true,
  "version": "1.0.0",
  "type": "module",
  "scripts": {
    "dev": "vite",
    "build": "vite build",
    "preview": "vite preview",
    "lint": "eslint src --ext js,jsx --report-unused-disable-directives --max-warnings 0",
    "test": "vitest run",
    "test:watch": "vitest"
  },
  "dependencies": {
    "@reduxjs/toolkit": "^1.9.3",
    "axios": "^1.3.4",
    "date-fns": "^2.29.3",
    "framer-motion": "^10.9.1",
    "react": "^18.2.0",
    "react-dom": "^18.2.0",
    "react-helmet-async": "^1.3.0",
    "react-hook-form": "^7.43.8",
    "react-icons": "^4.8.0",
    "react-redux": "^8.0.5",
    "react-router-dom": "^6.9.0",
    "react-toastify": "^9.1.2",
    "socket.io-client": "^4.6.1",
    "styled-components": "^5.3.9",
    "yup": "^1.0.2"
  },
  "devDependencies": {
    "@testing-library/jest-dom": "^5.16.5",
    "@testing-library/react": "^14.0.0",
    "@testing-library/user-event": "^14.4.3",
    "@vitejs/plugin-react": "^3.1.0",
    "autoprefixer": "^10.4.14",
    "eslint": "^8.36.0",
    "eslint-plugin-react": "^7.32.2",
    "eslint-plugin-react-hooks": "^4.6.0",
    "jsdom": "^21.1.1",
    "postcss": "^8.4.21",
    "tailwindcss": "^3.2.7",
    "vite": "^4.2.1",
    "vitest": "^0.29.7"
  },
  "browserslist": [
    ">0.2%",
    "not dead",
    "not op_mini all"
  ]
}
